1961,2247,2321,2362,2332,2135,2021,1995,2221,2667,2468,2475,2241
1962,2338,2351,2314,2305,2013,1871,1925,2150,2364,2257,2382,2254
1963,2397,2334,2484,2317,2053,1939,2027,2287,2520,2697,2639,2518
1964,2287,2370,2345,2303,2032,1964,1882,2189,2342,2251,2213,2221
1965,2271,2317,2242,2251,2228,2080,2033,2193,2471,2277,2295,2345
1966,2353,2363,2333,2239,2117,2033,2042,2199,2349,2408,2301,2382
1967,2346,2351,2392,2269,2148,2070,2057,2288,2468,2499,2325,2241
1968,2353,2213,2359,2165,1941,1890,1890,2000,2236,2404,2414,2293
1969,2451,2474,2450,2330,2199,2033,2030,2353,2546,2400,2345,2292
1970,2384,2325,2370,2283,2222,2168,1999,2122,2310,2393,2355,2454
1971,2478,2400,2382,2299,2171,2069,2050,2134,2211,2214,2233,2293
1972,2363,2300,2372,2170,2116,2078,2024,2259,2273,2400,2407,2379
1973,2502,2496,2462,2416,2164,2184,2038,2343,2408,2288,2383,2382
1974,2384,2421,2316,2270,2075,2018,1938,2221,2442,2383,2362,2299
1975,2393,2462,2485,2254,2116,1996,1868,2262,2423,2378,2322,2351
1976,2424,2330,2357,2330,2178,2083,1981,2226,2226,2255,2257,2288
1977,2330,2415,2544,2322,2027,2070,2141,2358,2331,2454,2399,2356
1978,2397,2442,2346,2256,2100,1959,2042,2097,2286,2479,2332,2338
1979,,,2379,2270,2198,,1997,2251,2324,2466,2337,2419
1980,,2352,2468,2304,2197,2032,2142,2342,2332,2504,2380,2344
1981,2368,,,2275,2097,,1802,2131,2390,2303,2303,
1982,2281,2425,2370,2165,2006,2136,2061,2259,2384,2388,2529,2315
1983,2316,2405,2360,2332,2251,2178,2127,2154,2320,2313,2324,2270
1984,2409,2518,2477,2322,2270,2127,2121,2156,2167,2466,2450,2367
1985,2312,2458,2428,2345,2216,1828,1927,2236,2429,2466,2377,2389
1986,2392,2388,2392,2416,2274,2018,1971,2231,2260,2390,2426,2328
1987,2439,2395,2360,2362,,,2187,,2482,2604,2392,
1988,2531,2448,2424,2433,2266,1949,1910,2145,2511,,2351,
1989,2407,2425,2423,2414,2083,2082,1993,2170,2409,2438,2372,2257
1990,2466,2448,2455,2427,2137,2018,2022,2161,2286,2484,2534,2468
1991,2384,2438,2369,2342,2144,2142,2034,2210,2338,2437,2409,2438
1992,2405,2347,2367,2380,2296,2118,2131,2252,2229,2424,2387,2393
1993,2489,2384,2561,2451,2188,2072,2182,2256,2487,2541,2632,
1995,2528,2404,2469,2358,2213,2081,2173,2396,2439,2501,2366,2444
1996,2447,2543,2444,2375,2188,1997,2093,2301,2373,2545,2346,2429
1997,2366,2443,2320,2245,2066,2009,2067,2244,2632,2561,2601,2443
1998,2495,2572,2561,2489,2185,2101,2138,2398,2568,2492,2438,2454
1999,2479,2525,2432,2370,2106,2158,2239,2212,2453,2543,2416,2403
2000,2438,2405,2395,2312,2150,2114,1994,2321,2332,2630,2338,2426
2001,2457,2592,2436,2425,2147,2096,2199,2188,2412,2396,2444,2398
2002,2487,2400,2501,2432,2304,2166,2193,2392,2389,2751,2573,2563
2003,2439,2538,2413,2405,2131,2193,2130,2287,2446,2489,2421,2545
2004,2413,2349,2395,2356,2228,2074,2011,2258,2615,2557,2501,
2005,,,,,2245,2127,2126,2307,2528,2730,2382,2352
2006,2467,2513,2449,2384,2164,2057,2139,2395,2441,2398,2423,2472
2007,2471,2438,2559,2469,2223,2159,2213,2300,2567,,,
2008,,,,,,,,,2507,2597,2464,2420
2009,2436,2508,2504,2343,2235,2073,2242,2282,2503,2485,2546,2422
2010,2501,2607,2543,2396,2283,2092,2224,2275,2571,2571,2406,2547
2011,2451,2549,2388,2402,2222,2074,2180,2427,2558,2384,2403,2380
2012,2338,2494,2489,,,,,,,,,
