1979,,,,,,,,,,,608,-159
1980,-498,,,612,1040,1478,1861,1875,1375,859,237,-546
1981,-852,-87,69,598,1185,1557,1875,1782,1434,865,448,130
1982,-776,-528,-108,,962,1443,1957,1689,1515,880,562,-15
1983,-339,-423,83,600,1127,1623,1937,1901,1629,938,456,-216
1984,-573,-58,-177,458,1103,1602,2113,2116,1383,905,429,-68
1985,-884,-497,-125,350,1017,1491,2003,1802,1460,898,288,-470
1986,-377,-649,-109,694,1082,1460,1743,1755,1258,815,176,-270
1987,-638,-687,-209,659,1073,1542,1977,1785,1500,939,235,-319
1988,-532,-444,-62,414,1239,1479,1988,2004,1303,765,473,-381
1989,-463,-591,-272,496,1439,1630,1861,1966,1477,854,291,-880
1990,-214,-518,-92,527,912,1761,2064,2049,1415,1136,416,30
1991,-699,-378,51,490,1184,1617,1988,1994,1427,1052,532,-360
1992,-672,-587,-368,289,1024,1630,1711,1918,1552,810,194,-235
1993,-626,-930,-255,465,1106,1510,1826,1893,1550,701,369,-116
1994,-928,-701,-40,700,982,1775,2182,1923,1383,942,531,-209
1995,-239,-607,-94,356,934,1684,2027,1822,1344,1202,404,-390
1996,-531,-353,-135,503,937,1622,1902,1932,1470,779,254,136
1997,-528,-420,-295,286,981,1543,1967,1850,1498,752,195,-245
1998,-306,-251,101,614,1379,1522,1958,1957,1536,889,325,-51
1999,-355,-209,323,504,1416,1859,2132,1932,1871,849,583,45
2000,-390,-329,150,654,1017,1648,1907,1950,1479,987,513,-281
2001,-588,-474,-75,369,1233,1806,1916,2132,1606,1170,510,73
2002,-306,-314,16,539,1124,1440,1910,2019,1669,789,341,-207
2003,-767,-661,-145,422,1009,1672,2144,2014,1713,1037,523,28
2004,-899,-472,-104,534,1076,1449,1966,1997,1436,1007,338,-118
2005,-737,-445,-91,572,,,,,,,,
