1959,,,,,903,1431,1733,1567,837,399,62,-618
1960,-1038,-1004,-446,208,1059,1574,1760,1505,1026,252,-187,-138
1961,-552,-161,-102,165,968,1648,1535,1385,945,818,110,-607
1962,-566,-614,-836,394,850,1180,1450,1295,913,593,35,-818
1963,-1147,-1216,-952,223,1217,1299,1608,1552,1204,477,-154,-534
1964,-406,-1063,-593,275,880,1377,1527,1394,939,614,-159,-322
1965,-430,-871,-476,283,611,1381,1351,1380,1204,479,-566,-548
1966,-1468,-1529,-392,-13,888,1596,1695,1360,815,398,131,-523
1967,-1327,-637,-3,242,916,1302,1573,1543,1098,709,216,-1153
1968,-1571,-660,-207,361,664,1560,1443,1523,978,145,-227,-293
1969,-1028,-1075,-736,284,799,1466,1639,1565,911,478,-109,-897
1970,-1132,-1373,-294,113,885,1526,1611,1454,945,366,-203,-319
1971,-346,-650,-598,141,965,1313,1589,1500,847,379,-294,-330
1972,-993,-531,-359,146,893,1587,1877,1609,976,398,-35,98
1973,-249,-530,-103,251,947,1579,1858,1413,642,148,-453,-811
1974,-361,-129,-199,192,638,1335,1536,1429,1172,462,137,2
1975,-220,-387,-99,295,1085,1250,1668,1501,1200,414,32,-285
