1940,,,,,,,,,,944,686,-107
1941,-226,200,652,776,983,1720,1863,1573,1398,920,420,259
1942,-490,-371,608,1031,1275,1589,1698,1796,1620,1246,435,272
1943,270,443,713,1103,1386,1503,1872,1897,1515,1062,413,129
1946,-82,510,600,1141,1422,1553,1977,1765,1536,960,540,-47
1947,-161,-203,566,1161,1602,1872,2065,2137,1829,1016,650,318
1948,525,294,858,1108,1470,1668,1715,1735,1426,998,477,174
1949,244,331,454,1237,1267,1561,1988,1840,1839,1203,474,379
1950,95,573,693,807,1509,1889,1983,1857,1400,975,601,-146
1951,394,378,475,833,1276,1608,1822,1786,1601,938,793,229
1952,157,170,668,1199,1447,1715,2065,1932,1230,937,372,197
1953,-23,200,743,1078,1510,1655,1821,1790,1567,1164,528,436
1954,-141,-27,711,810,1278,1648,1618,1678,1486,1147,582,490
1955,91,104,322,926,1201,1620,1885,1816,1447,839,506,449
1956,260,-789,602,802,1410,1398,1793,1554,1609,948,405,406
1957,76,681,932,1008,1123,1817,1935,1674,1454,1031,597,191
1958,171,481,291,704,1434,1590,1827,1839,1659,1058,539,431
1959,174,223,840,1073,1459,1760,2117,1890,1708,1064,512,434
1960,210,396,770,967,1447,1745,1617,1724,1373,1080,769,221
1961,194,675,788,1263,1234,1656,1658,1784,1877,1180,517,212
1962,369,248,272,975,1108,1581,1726,1845,1426,1076,355,-61
1963,-417,-297,576,1055,1270,1660,1859,1675,1527,979,911,-168
1964,-88,475,403,1032,1487,1750,2015,1813,1594,852,652,183
1965,323,56,601,867,1313,1663,1626,1656,1353,996,433,501
1966,-62,767,559,1098,1436,1779,1636,1681,1575,1297,303,389
1967,216,461,746,848,1315,1579,1998,1780,1455,1247,496,136
1968,168,325,625,989,1185,1569,1738,1691,1445,1172,435,32
1969,335,32,522,884,1358,1511,1970,1819,1569,1102,622,-137
1970,120,240,365,728,1315,1842,1699,1820,1521,1060,725,129
1971,-38,343,279,1078,1518,1522,1979,1833,1391,1050,409,347
1972,93,467,727,891,1211,1483,1862,1690,1238,905,520,171
1973,83,227,554,729,1411,1744,1840,2011,1634,946,488,175
1974,527,483,758,1021,1263,1562,1678,1861,1420,669,631,638
1975,575,378,463,877,1269,1620,1907,2039,1645,869,520,112
1976,320,277,452,891,1393,1967,2156,1875,1448,1167,600,29
1977,282,570,824,725,1310,1650,1836,1707,1372,1152,659,340
1978,233,109,701,829,1263,1536,1698,1635,1385,1040,394,301
1979,-310,199,588,831,1260,1764,1791,1643,1501,1114,533,540
1980,43,576,581,829,1256,1550,1607,1812,1573,942,408,156
1981,114,131,937,997,1322,1606,1769,1827,1574,961,626,143
1982,-17,263,598,848,1371,1796,2060,1806,1778,1088,748,358
1983,496,112,620,952,1106,1778,2304,2065,1530,1094,469,237
1984,271,223,444,860,1076,1547,1798,1850,1406,1111,727,269
1985,-371,62,446,965,1407,1480,1896,1700,1595,1025,230,521
1986,238,-372,495,732,1463,1795,1799,1718,1291,1130,681,341
1987,-332,180,304,1056,1080,1532,1869,1795,1739,1137,610,344
1988,535,373,575,1007,1556,1689,1746,1904,1496,1163,405,581
1989,315,363,915,811,1611,1666,1987,1904,1600,1223,422,396
1990,347,780,873,857,1540,1609,1879,2039,1383,1214,602,232
1991,240,-37,870,864,1178,1460,2071,2080,1740,999,502,152
1992,200,395,696,943,1559,1785,1987,2046,1492,822,772,348
1993,497,79,596,1170,1518,1807,1808,1828,1434,929,246,508
1994,431,295,871,893,1373,1787,2283,1908,1461,1037,958,554
1995,325,670,544,996,1385,1637,2227,2013,1377,1394,570,153
1996,57,138,430,992,1235,1740,1816,1898,1340,1103,585,32
1997,-191,569,898,881,1439,1715,1884,2191,1623,997,632,415
1998,368,413,756,965,1565,1763,1814,1908,1541,1047,305,328
1999,410,293,753,1025,1549,1637,2038,1919,1789,1084,462,378
2000,311,562,693,1051,1559,1825,1703,1971,1630,1186,788,561
2001,337,472,812,863,1596,1606,2039,2013,1322,1431,530,187
2002,181,718,715,1015,1406,1914,1914,1958,1505,1113,860,502
2003,132,132,876,1039,1512,2176,2106,2374,1596,874,779,370
2004,224,421,580,1078,1280,1720,1901,1988,1638,1199,577,113
2005,385,150,678,1100,1448,1899,2001,1757,1728,1385,595,216
2006,53,209,544,982,1457,1860,,1742,1856,1416,836,497
2007,631,617,740,1430,1622,1926,1812,1837,1442,1055,528,233
2008,502,521,634,948,1658,1807,1979,1838,1380,1058,661,201
2009,-80,273,625,1283,1582,1757,1996,2077,1669,1041,863,290
2010,-57,303,581,1071,1275,1874,2196,1834,1441,1035,675,-101
2011,337,434,830,1372,1576,1853,1781,1987,1728,1129,729,554
2012,446,-35,940,964,1578,1716,1918,2093,1565,1188,669,424
2013,193,90,361,1021,,,,,,,,
