1973,-563,16,200,810,1252,1461,1767,1902,1320,1003,25,-340
1974,-556,-189,222,487,1323,1709,1787,1667,1212,1180,511,-106
1975,-320,-401,28,1185,1204,1779,1945,1822,1489,777,230,-295
1976,-504,-726,-36,807,1126,1502,1749,1925,1330,789,355,28
1977,-585,267,331,902,1238,1590,1779,1891,1383,645,434,-352
1978,-319,-66,417,558,1189,1379,1959,1734,1601,980,186,-181
1979,-314,-20,422,837,1350,1517,1851,2002,1717,850,526,-92
1980,-651,-292,150,825,1369,1705,2102,1831,1373,792,542,144
1981,-129,-18,334,672,1132,1663,1922,1808,1556,1025,327,144
1982,,-414,100,970,1252,1483,1719,1608,1406,817,159,-226
1983,-588,-45,92,918,1317,1487,1879,1760,1298,847,335,-61
1984,-150,-371,246,756,1215,1585,2042,1637,1598,867,358,-437
1985,-142,-395,56,931,1394,1640,1675,1938,1389,789,476,-232
1986,-271,-188,168,1053,1021,1513,1938,1902,1585,954,295,-294
1987,-209,-146,-38,491,1288,1704,1906,1753,1297,678,228,-187
1988,-394,-253,165,853,1114,1579,1881,1727,1358,923,162,-53
1989,-600,-293,556,1166,1223,1624,1956,1881,1440,906,328,-362
1990,-516,-140,321,765,1157,1612,1929,1681,1449,926,465,-47
1991,-293,-379,320,981,1146,1669,1962,1910,1457,1209,,
1992,,-493,189,742,1108,1505,1745,1715,1290,925,285,
1996,,,,645,,1467,1910,1797,1362,949,334,
1997,,,,,1368,1618,,1906,,1082,400,
1998,,,201,,1335,1872,1954,,1581,1200,,-2
1999,,34,,867,1113,1567,,,,,,
2001,,,,,,,,,,789,388,
2002,,,,,,1598,1938,1743,,,,
2004,,,,,,,,,,950,-30,-420
2005,-190,-180,200,880,1040,1540,2040,1600,1480,910,500,100
2006,-520,70,470,800,1350,1570,1870,2280,1660,1150,270,-340
2007,-320,-206,250,530,1480,1600,2000,1950,1630,1160,260,-520
2008,-800,-410,540,1220,1120,1500,2120,,1690,1010,410,-110
2009,-320,290,260,630,1210,1740,1870,1730,1290,1170,410,156
2010,-2,80,380,620,1310,1850,2050,2030,1750,1070,510,260
2011,-140,-320,180,650,1240,1620,2070,1850,1430,889,10,-170
2012,-180,,10,1080,1429,1740,1570,1930,1600,1170,720,
2013,,120,340,1000,1370,1620,1800,1770,1380,820,540,
2014,230,40,570,930,1493,1690,1920,2010,1500,880,300,80
2015,-140,140,400,690,1250,1950,2065,1690,1805,1090,460,-105
2016,-255,480,575,935,1370,1680,1950,2125,1325,850,,-515
2017,,,,,,,,,,,,-515
