1936,101,-94,444,431,1136,1445,1427,1475,1140,383,174,-56
1937,-220,1,75,581,1303,1467,1521,1615,1219,856,131,-282
1938,-81,-91,622,289,861,1397,1494,1578,1268,619,477,-461
1947,-555,-743,164,833,1269,1657,1758,1901,1665,776,293,
1948,,-155,570,841,1213,1404,1404,1423,1244,693,361,-36
1949,-41,34,122,932,1055,1174,1633,1573,1612,980,165,40
1950,-297,87,349,439,1189,1569,1576,1567,1027,583,189,-432
1951,-36,29,26,530,1002,1330,1567,1574,1329,744,428,63
1952,-247,-229,154,981,1130,1381,1728,1693,824,519,-43,-240
1953,-314,-204,581,832,1226,1432,1566,1525,1267,994,276,176
1954,-572,-459,364,444,1053,1421,1202,1415,1154,816,212,73
1955,-342,-391,-162,553,826,1319,1598,1568,1240,639,190,11
1956,-198,-1081,195,421,1122,1104,1510,1237,1281,650,26,23
1957,-198,203,558,677,791,1541,1624,1318,1002,778,209,-134
1958,-229,-4,-249,343,1174,1252,1516,1539,1323,753,216,43
1959,-195,57,570,845,1146,1471,1857,1626,1424,876,193,72
1960,-222,-116,360,635,1141,1432,1323,1402,1126,756,414,-118
1961,-269,291,480,934,835,1393,1256,1425,1613,941,193,-189
1962,-12,-244,-195,662,761,1225,1319,1443,1122,859,53,-419
1963,-883,-676,138,726,1025,1364,1620,1385,1262,665,543,-475
1964,-378,-124,-73,707,1217,1511,1667,1489,1247,601,281,-144
1965,-101,-437,84,525,988,1356,1316,1357,1111,802,-8,49
1966,-452,384,122,774,1171,1522,1325,1397,1231,992,-2,-42
1967,-114,91,313,480,1087,1297,1751,1496,1230,978,217,-213
1968,-329,-120,267,797,924,1386,1462,1499,1211,888,163,-351
1969,-130,-410,-15,560,1125,1281,1704,1523,1265,997,279,-598
1970,-313,-318,-94,320,997,1574,1370,1613,1233,743,386,-166
1971,-172,-78,-54,835,1307,1218,1695,1609,1142,794,83,90
1972,-375,122,477,531,982,1234,1648,1421,996,675,194,-14
1973,-109,-189,264,334,1116,1483,1598,1748,1370,639,120,-211
1974,130,146,447,745,967,1249,1301,1611,1181,316,301,222
1975,198,95,188,530,1013,1320,1707,1819,1446,637,94,-153
1976,-82,-119,5,596,1153,1658,1886,1587,1194,888,245,-312
1977,-126,143,498,346,965,1355,1489,1464,1079,947,258,28
1978,-178,-342,287,604,986,1263,1372,1327,1005,764,105,-92
1979,-656,-300,175,450,1022,1498,1341,1363,1221,830,137,156
1980,-412,171,218,472,934,1250,1312,1521,1305,597,52,-216
1981,-362,-271,529,737,1114,1348,1449,1521,1309,597,247,-386
1982,-268,-132,271,522,1098,1503,1758,1575,1563,781,430,1
1983,97,-378,244,681,888,1488,1957,1750,1233,746,247,-109
1984,-146,-210,39,525,872,1205,1405,1620,1034,861,432,-47
1985,-657,-406,116,621,1196,1131,1567,1476,1267,834,-182,192
1986,-209,-781,125,417,1268,1453,1543,1496,1031,886,421,-20
1987,-712,-184,-174,834,803,1205,1529,1402,1359,790,251,17
1988,150,-33,25,646,1296,1347,1493,1608,1159,862,122,131
1989,79,82,571,500,1324,1378,1617,1567,1340,933,243,198
1990,-11,398,559,584,1303,1334,1521,1752,1001,922,268,-168
1991,-21,-364,556,585,804,1134,1789,1757,1421,710,224,-79
1992,-46,93,303,615,1321,1535,1691,1741,1210,493,313,38
1993,73,-200,234,939,1328,1417,1449,1433,1118,622,-106,64
1994,46,-159,428,640,1084,1462,2060,1611,1173,711,623,151
1995,-216,214,95,724,1092,1277,1905,1761,1084,1071,107,-291
1996,-405,-302,-30,755,907,1410,1434,1563,954,810,221,-341
1997,-329,201,567,535,1141,1384,1590,1916,1353,644,285,53
1998,67,223,339,703,1267,1494,1442,1575,1199,643,-39,-72
1999,119,-191,414,773,1251,1440,1779,1602,1648,760,148,-19
2000,-123,154,378,894,1373,1546,1321,1688,1302,892,425,147
2001,-57,119,255,530,1333,1263,1718,1718,967,1127,217,-211
2002,-109,306,440,646,1163,1585,1583,1754,1180,668,494,-39
2003,-221,-248,541,746,1262,1840,1772,2064,1358,480,505,34
2004,-202,51,236,872,997,1374,1539,1730,1292,892,229,-102
2005,-21,-286,286,,,,,,,,,
