2002,,,,,,,,,,,,1215
2003,1753,1283,1540,1324,1740,1872,2402,2458,2212,2200,1425,1297
2004,1317,1183,1776,1708,1907,1955,2233,2193,2299,1750,1371,1350
2005,1274,1336,1446,1576,1832,1843,2280,2306,2046,1879,1807,1410
2006,1324,1502,1082,1387,1754,2210,2557,2200,2195,1824,1767,1410
2007,1225,1330,1633,1508,1687,1957,2255,2333,2098,1940,1559,1201
2008,1152,1301,1577,1640,1719,2146,2234,2273,2240,2200,1875,1190
2009,1575,1230,1386,1532,1855,1440,2258,2208,2365,1835,1698,1105
2010,1306,1298,1487,1373,1655,1878,2089,2182,2186,1837,1529,1336
2011,1443,1130,1443,1589,1621,1809,2172,2210,2125,1950,,1282
2012,1540,1347,1284,1633,1810,1929,2133,2476,,2079,1657,
